가사,감정
Oh darling 처음 널 만나면 수줍은 대화들로 사랑에 빠질 거야 My darling 아마도 우린 손을 마주 잡고서 도시를 거닐 거야 비라도 오면 골목 어귀에 발을 멈추고서 바라보다가 입을 맞출지도 몰라 어둠이 오면 밝게 빛나는 별빛들 아래서 음악에 취해 서로에게 기대어 Darling My darling 멈춰버린 시간 속에서 우리 둘이서 영원토록 Darling My darling 함께 할 거야 너의 곁에서 눈을 감을 때까지 Oh darling 잊지 못할 거야 서로를 품에 안고 온기를 느끼던 날 My darling 따스할 거야 함께 잠이 들 때면 비추는 햇살들이 가끔씩 우린 아쉬울 거야 다른 모습들에 말을 멈추고 어색한 침묵이 올 때면 서운한 마음에 다투다 보면 오직 둘만 아는 그런 말들로 가벼운 미소가 될 거야 Darling My darling 멈춰버린 시간 속에서 우리 둘이서 영원토록 Darling My darling 함께 할 거야 너의 곁에서 눈을 감을 때까지 널 처음 마주한 순간 알 수 있었어 나를 보며 지었던 그 미소 그게 내 전부란 걸 Darling My darling 설레이는 내 마음을 담아 너에게 고백할게 영원토록 Darling My darling 나를 안아줘 너의 곁에서 눈을 감을 때까지 눈을 감을 때까지 눈을 감을 때까지 ,happy
당신은 날 설레게 만들어 조용한 내 마음 자꾸만 춤추게 해 얼마나 얼마나 날 떨리게 하는지 당신이 이 밤을 항상 잠 못 들게 해 매일 같은 밤 너를 생각하면서 유치한 노랠 들으며 심장이 춤을 추면서 오오 난 너를 기다리면서 유치한 노랠 부르며 심장이 춤을 추면서 워 나를 떨리게 하나요 그대 왜 나를 설레게 하나요 자꾸만 오늘도 잠 못 이루는 이 밤 아름다운 그대 나를 아프게 하나요 웃는 그대 왜 자꾸 설레게 하나요 하염없이 오늘 밤 잠이 오질 않네요 보고 싶은 그대여 당신이 날 힘들게 만들어 갑자기 내 마음 자꾸만 멍들게 해 얼마나 얼마나 잠 못 들게 하는지 고요한 내 마음 항상 시끄럽게 해 매일 같은 밤 너를 생각하면서 유치한 노랠 들으며 심장이 춤을 추면서 워 난 너를 기다리면서 유치한 노랠 부르며 심장이 춤을 추면서 워 나를 떨리게 하나요 그대 왜 나를 설레게 하나요 자꾸만 오늘도 잠 못 이루는 이 밤 아름다운 그대 나를 아프게 하나요 웃는 그대 왜 자꾸 설레게 하나요 하염없이 오늘 밤 잠이 오질 않네요 보고 싶은 그대여 매일 밤 너를 생각하면서 유치한 노랠 들으며 심장이 춤을 추면서 워오 난 너를 기다리면서 유치한 노랠 부르며 심장이 춤을 추면서 워 나를 떨리게 하나요 그대 왜 나를 설레게 하나요 자꾸만 오늘도 잠 못 이루는 이 밤 아름다운 그대여 나를 아프게 하나요 웃는 그대 왜 자꾸 설레게 하나요 하염없이 오늘 밤 잠이 오질 않네요 보고 싶은 그대여 ,happy
우연의 다른 이름은 운명이란 걸 배웠죠 우리 사랑의 끝이 없는 걸 이제서야 알았죠 어디라도 난 느낄 수 있죠 겨우 한 발 멀어져 있는 거겠죠 손을 내밀면 닿을 수 있는 곳에 그대가 있겠죠 멈춘 가슴이 뛰어요 우리 처음 본 날처럼 문득 스쳐 지나는 기억에 습관처럼 웃어요 어디라도 난 느낄 수 있죠 겨우 한 발 멀어져 있는 거겠죠 손을 내밀면 닿을 수 있는 곳에 그대가 있겠죠 왜 먼저 사랑하고 이별만 알려줘서 두 볼에 눈물을 흐르게 했나요 어디라도 난 느낄 수 있죠 내게 사랑이란 한 번뿐이겠죠 혹시 내 옆에 다른 사람 있어도 사랑은 아니죠 ,happy
언제부터였을까 따뜻한 휴식을 찾고 있을 때 찾고 있을 때 그때부터였을까 맘이 포근해진 걸 너를 봤을 때 너를 봤을 때 꿈에 그려 봤던 아름답고 멋진 곳을 향해 걸어 봐요 그대와 함께 그대와 함께 어딘가에 있을 그대 슬픔 모두 내가 다 지워 줄게 내 손을 잡고 내 손을 잡고 I Fall In Love Again 불안할 때 나를 강해지게 만드는 한 사람 I Fall In Love Again 아껴줄게 세상의 행복을 다 느낄 수 있게 맑은 햇살 같은 미소를 볼 때면 하루가 즐거워져 이대로 함께 그대와 함께 넓은 세상에서 우연히 만났던 그날을 기억할게 내 손을 잡고 그대 손을 붙잡고 I Fall In Love Again 불안할 때 나를 강해지게 만드는 한 사람 I Fall In Love Again 아껴줄게 세상의 행복을 다 느낄 수 있게 어두웠던 지난날 다시 행복을 찾아준 너에게 어떤 말로 표현할지 낯선 길을 걸어도 나란히 옆에서 있는 널 볼 때면 I Love You Everyday I Fall In Love Again 불안할 때 나를 강해지게 만드는 한 사람 I Fall In Love Again 아껴줄게 세상의 행복을 다 느낄 수 있게 ,happy
오랜만에 거길 가봤어 아무도 없는 둘만이 알던 곳 함께 걷던 거리에 서서 아무 말도 못한 채 한참을 니 생각했어 이런저런 story 떠오른 memory 여전히 넌 예쁜지 이런 내 맘을 너는 알까 애써 멀어지는 나인데 잠잠하던 내 맘에 자꾸 불을 지펴 왜 잔잔한 내 마음에 자꾸 돌을 던져 왜 우린 끝난사이잖아 흔한 추억팔이잖아 그냥 모르는 척 지나쳐야 해 잠잠 잠잠 마지막을 기억해 돌아섰던 순간도 넌 아직 나를 미워할 거야 아무렇지 않은 듯 하루 끝을 정리하다 문득 너를 생각했어 그 날 그 때 우리 떨리던 목소리 여전히 들리는지 이런 내 맘을 너는 알까 다시 다가가고 싶은데 잠잠하던 내 맘에 자꾸 불을 지펴 왜 잔잔한 내 마음에 자꾸 돌을 던져 왜 대체 왜 이러는거야 서로 원하고 있잖아 그냥 모르는 척 지나치기엔 점점 점점 친구들은 내게 말해 이젠 좀 잊으라고 다른 더 좋은 사람 만나라고 남이 되고야 알았어 갈 곳을 잃은 것처럼 갈수록 허전함뿐인걸 잠잠하던 바람아 나를 간지럽혀 왜 잠잠한 너 때문에 내 맘이 타들어가 대체 왜 이러는거야 서로 원하고 있잖아 애써 외면하는 우리 둘 사이 잠잠하던 내 맘에 자꾸 불을 지펴 왜 잔잔한 내 마음에 자꾸 돌을 던져 왜 우린 끝난사이잖아 흔한 추억팔이잖아 그냥 모르는 척 지나쳐야 해 잠잠 잠잠 ,happy
그대를 다시 볼 수 있다는 생각을 해요 아마도 우린 끝없이 멀리 돌아만 왔죠 엊그제부터 또 생각이 나서 이제 더는 안될 것 같아 그대에게 말해요 아무런 의미 없는 일상에 들어와줘요 그대와 함께하고 싶은 게 참 많은걸요 익숙해질 즘 그댈 기다리는 게 왠지 마주칠 것만 같아 마음이 떨려요 I’m the one who found your love 그대 안에 내가 번져서 그간에 맘들이 모두 녹아내리면 내가 꿈꿔왔던 것처럼 그렇게 나를 바라봐줘요 혼자서 잠 못 이루고 널 떠올렸던 밤 별들이 반짝이던 그날에 기도했었죠 그대를 다시 다시 볼 수 있다면 어디에 있건 당장이라도 달려갈 텐데 I’m the one who found your love 그대 안에 내가 번져서 그간에 맘들이 모두 녹아내리면 내가 꿈꿔왔던 것처럼 그렇게 나를 바라봐줘요 I’m the one who found your love 그대 안에 내가 번져서 그간에 맘들이 모두 녹아내리면 내가 꿈꿔왔던 것처럼 그렇게 나를 바라봐줘요 ,happy
오늘도 어김없이 빗나가는 말투들에 긴 싸움 끝에 결국 널 울리고 말았어 처음에 약속했던 너의 행복을 위해 나를 다 주겠단 그 약속 왜 이리 힘든 걸까 이 모든 게 내 탓인 걸 난 너만 생각하면 설레임이란 세 글자를 느껴 난 너만 생각하면 미래를 생각하며 더 일을 해 믿지 못하겠지만 변명처럼 들리지만 너만 생각하면 세상을 다 주고 싶은 진심을 믿어줘 자주 일어나는 사소한 다른 입장 속에서 이해라는 두 글자가 오해로 변했어 억지로 참아 봐도 마주 보는 얼굴 속에서 어둡게 피어난 미움들 왜 이리 힘든 걸까 이 모든 게 내 탓인 걸 난 너만 생각하면 설레임이란 세 글자를 느껴 난 너만 생각하면 미래를 생각하며 더 일을 해 믿지 못하겠지만 변명처럼 들리지만 너만 생각하면 세상을 다 주고 싶은 진심을 믿어줘 익숙함에 빠져 너를 힘들게 했지만 오직 내가 기댈 사람 너뿐이니까 난 너만 생각하면 매일 새로운 설레임을 느껴 난 너만 생각하면 미래를 생각하며 더 일을 해 믿지 못하겠지만 변명처럼 들리지만 너만 생각하면 세상을 다 주고 싶은 진심을 믿어줘 믿어줘 ,happy
그대 아무 말 없어도 나의 눈빛은 그대만 봐요 눈망울에 숨겨놓은 그대 이야기 이젠 조금씩 내게 느껴져요 왜 나였는지 언제인지 중요하지 않아요 지금 이 순간 지금 내 곁에 그대라면 사랑이란 두 글자 정말 이상해 귓가에 스쳐만 가도 가슴이 떨리는 내 마음을 어떡할까요 날리는 바람에 흘려 보내봐도 다시 꽃피는 이 사랑을 아무 생각 말아요 그대 걷는 길 어디라 해도 내 마음이 그대 머문 자리에 나를 데려다 줄 테니 걱정이 없죠 어둠이 내린 저 하늘에 밝게 빛나고 있는 별처럼 내 맘이 그대의 길을 비추죠 사랑이란 두 글자 정말 이상해 귓가에 스쳐만 가도 가슴이 떨리는 내 마음을 어떡할까요 날리는 바람에 흘려 보내봐도 다시 꽃피죠 수 없는 날들을 기다려 왔던 내 맘이 그대에게 한 걸음씩 가까워 지고 있죠 사랑이란 두 글자 왜 이래 떠올려 보기만 해도 심장이 떨리는 내 마음이 왜 이럴까요 환한 햇살 속에 숨겨 보려 해도 눈치 없이 다시 피어나죠 ,happy
매일 마다 만드는 우리의 부드럽고 예쁜 스토리 오늘은 유난히 멋 좀 부리고 제일 먼저 네게 전활 걸어 지금 어디야 오늘 뭐 할래 퉁명스런 너의 말투 나와 갈 곳이 있어 널 위한 Drive 너와 나만의 Love Road 어디든 갈께 어디든 갈께 저기 아름다운 Ocean View 소리 질러 와 너와 함께 와 I Just Wanna Love You Forever 모든 게 그림인 걸 내게 가까이 와줘 한 손엔 널 품고 달려 너무나도 특별한 널 위한 Drive 너와 나만의 Love Road 어디든 갈께 어디든 갈께 저기 아름다운 Ocean View 소리 질러 와 너와 함께 와 I Just Wanna Love You Forever 달리는 풍경들이 눈이 부셔 예쁜 걸 그 옆엔 So Beautiful Girl 지금 누비고 있는 이 하늘아래 You're My Sunshine Of My Life 어디든 갈께 어디든 갈께 저기 아름다운 Ocean View 소리 질러 와 너와 함께 와 I Just Wanna Love You Forever 어디든 갈께 어디든 갈께 저기 아름다운 Ocean View 소리 질러 와 언제까지나 I Just Wanna Love You Forever ,happy
어제보다 많이 지쳐 보이는 그대의 표정 만져 보곤 알죠 바람이 또 아프게 했나요 왜 아무 말 못해요 좀 솔직해져도 돼요 내게 전부 말해봐요 밤을 새도 괜찮아요 차갑던 그대 하루가 나로 인해 녹을 수 있게요 I am all ears I am all ears 듣고 있죠 두 눈 꼭 감아요 춥지 않게 다 덮어줄게요 눈치 보지 마요 혼자 견디지 않아도 되죠 왜 아무 말 없어요 좀 표현을 해도 돼요 내게 전부 말해봐요 밤을 새도 괜찮아요 차갑던 그대 하루가 나로 인해 녹을 수 있게요 걱정이죠 혹시 또 애써 서 있을까 봐 좀 더 참아요 여기 항상 내가 이 자리에 천천히 다 말해봐요 매일 나 귀 기울여요 차갑던 계절 지나면 또 피어날 거란 걸 알아요 I am all ears I am all ears 듣고 있죠 ,happy
무얼 고를까 추운 겨울이니까 캐시미어 스웨터는 어떨까 처음이니까 초록이 날까 다홍색은 어떨까 보라 빛 밤 구름 사이로 하얀 눈이 내리면 크리스마스 온 세상이 반짝이네 크리스마스 그중 제일 반짝이는 숨막히게 예쁜 너와 우리 둘만의 첫 겨울이니까 뭐가 좋을까 로즈 골드 빛 목걸인 어떨까 언젠가 풀 반지 곱게 엮어 고백을 할 땐 눈이 오면 좋겠어 크리스마스 온 세상 포근해 지네 크리스마스 그 중에 가장 따듯한 너의 품 속에서 항상 너의 곁에서 사랑해 있잖아 널 보면 나의 맘에 눈처럼 가득히 날리고 영원토록 녹지 않아 우리의 겨울이 우리 사랑이 하얗게 쌓여가 크리스마스 사랑만 가득히 크리스마스 온 세상 환희 반짝이네 크리스마스 그 중에 제일 반짝이는 숨막히게 예쁜 너와 멋진 너와 크리스마스 사랑만 가득히 온 세상 메리 크리스마스 그 중에 가장 따듯한 잠든 너의 품속에서 내 품속에서 잠든 네 꿈속에서 항상 너의 곁에서 늘 우리 둘이서 ,happy
니 눈앞에 왔잖아 내가 여기 있잖아 너의 입술로 말을 해줘 say yes say yes 나도 모르게 너에게 가고 있나봐 부는 바람에 내 맘 전할래 love is true 간지럽게만 느껴지던 눈 빛이 이제는 익숙 하단듯이 웃음 짓지 그 쪽으로 걸어가기만 하면 돼 라고 친구들은 계속해서 날 부추기지만 아직은 무거운 구두의 뒷 굽 차라리 벗어버리고 싶은 이 밤의 끝 손을 내밀어 줬으면 해 맨발로 너에게 뛰어갈 수 있게 끔 복잡하기만한 하루에 매 시간 머리를 굴리지만 난 지금에서야 깨달은 건데 결국 다 버려지고 너만 남아 지난 봄에는 널 우연히 봤고 더 이상은 우연이 아니였으면 해 스치기만 했던 너의 손을 잡고 어떤 길이라도 같이 걸었으면 해 니 눈앞에 왔잖아 내가 여기 있잖아 너의 입술로 말을 해줘 say yes say yes 나도 모르게 너에게 가고 있나봐 부는 바람에 내 맘 전할래 love is true i need u baby 너에게 하고 픈 말 내가 못다한 말 baby baby baby boy love is true 어디든 갈 수 있어 이건 거짓말이 아니야 이제부터는 나의 옆이 제일 편한 자리야 입술을 오므리고 내는 소리와 같이 내 이름을 불러줬음 좋겠어 내가 뒤로 떨어져서 걷더라도 단지 이 목소리를 들어줬음 좋겠어 니 눈앞에 왔잖아 내가 여기 있잖아 너의 입술로 말을 해줘 say yes say yes 나도 모르게 너에게 가고 있나봐 부는 바람에 내 맘 전할래 love is true 내가 바라는 단 한가지 니가 내곁에 있어주는 것 니가 날 보며 웃어주는것도 내 얘길 들어주는것도 난 그걸로도 충분한데 you 너를 보며 웃잖아 두 눈이 말하잖아 너도 이렇게 대답해줘 say yes say yes 너라서 좋아 니가 날 울려도 좋아 너는 나의 모든 전부니까 love is true i need u baby 너에게 하고 픈 말 내가 못다한 말 baby baby baby boy love is true ,happy
"애써 너에게 건냈던 말 good bye 이젠 혼자 남게된 이 밤 without you 난 아직도, I'm officially missing you 널 기다리던 밤처럼 길고 어둡던 우리 사이 공백 이게 끝이 아니길 바래 I wanna go back 너가 원하던 거 다 고친 지금에야 넌 어디로 갔는지 난 홀로 남아 lonely 오늘 따라 부는 바람도 참 시린 것 같은데 넌 왜이리 멀쩡해 보이는 건지 눈치도 없는 너지만 예전처럼만 웃어주면 돼 Ooo can't nobody do it like you Said every little thing you do Hey baby say it stays on my mind And I I'm officially missing you 나에겐 너 하나뿐인 걸 너 땜에 아파하는 걸 널 잊으려고 노력해봐도 잘 안돼 널 미워하는 건 too hard 너무 어려워 날 몰라주는 너도 서러워 I'm officially missing you officially missing you yeah I'm officially missing you, too 내가 아무 말도 하지 못한 이유 우리 사이 공백은 너무 길고 어떤 단어보다 너가 meaningful on another round 더 멀어져 가며 흘러가는 어색했던 오늘 하루가 내겐 아쉽고 어제로 남아있어 이 밤이 지나도 아직도 여기 있어 여전히 내 머릿속 너 때문에 늘 뒤척거리는 매일 밤 내 마음만 더 지쳐가 가로등 불은 거릴 비춰 흔들거리는 속을 변기 위에 비워 어 아무리 속을 비워도 남은 추억으로 취해 어지럽고 girl 난 아직 기댈 곳이 필요해 so 이 노래로 너를 씻어내 습관처럼 그리워해 날 보며 웃는 니 사진을 내 두 눈에 담고 미소를 지으면 다시 할 수 있을까 oh 그날처럼 나에겐 너 하나뿐인 걸 너 땜에 아파하는 걸 널 잊으려고 노력해봐도 잘 안돼 널 미워하는 건 추억 속 너에겐 못된 일이라 난 할 수가 없어 이렇게 널 그리워하는 날 알고 있는지 나에겐 너 하나뿐인 걸 너 땜에 아파하는 걸 널 잊으려고 노력해봐도 잘 안돼 널 미워하는 건 too hard 너무 어려워 날 몰라주는 너도 서러워 I'm officially missing you officially missing you can't nobody do it like you Said every little thing you do Hey baby say it stays on my mind And I I'm officially missing you ",happy
눈빛만으로 알 수가 있지 어떤 세상을 살아왔는지 처음 내민 너의 따뜻한 손길에 내 마음이 전부 녹아내 우린 서로 앞을 주저하고 현실 속에 무너져 가던 이런 나를 잊어가게 해 I'm telling the truth 너에게 가는 중 이젠 나를 봐줘 내가 다가갈게 천천히 아주 천천히 손짓만으로 알 수가 있지 너가 얼마나 착한 애인지 우리가 지나왔던 시간들이 이제야 날 버티게 해 우린 서로 앞을 주저하고 현실 속에 무너져 가던 이런 나를 잊어가게 해 I'm telling the truth 너에게 가는 중 이젠 나를 봐줘 내가 다가갈게 천천히 아주 천천히 ,happy
밤하늘의 별을 따서 너에게 줄래 너는 내가 사랑하니까 더 소중하니까 오직 너 아니면 안 된다고 외치고 싶어 그저 내 곁에만 있어줘 떠나지 말아줘 참 많이 어색했었죠 널 처음 만난 날 멀리서 좋아하다가 들킨 사람처럼 숨이 가득 차올라서 아무 말 하지 못했는데 너는 말 없이 웃으며 내 손 잡아줬죠 밤하늘의 별을 따서 너에게 줄래 너는 내가 사랑하니까 더 소중하니까 오직 너 아니면 안 된다고 외치고 싶어 그저 내 곁에만 있어줘 떠나지 말아줘 널 좋아하는 내 마음이 표현이 안 돼 꿈이 아니면 좋겠어 자꾸 웃음 나와 내 모든 걸 다 준대도 너에겐 아깝질 않아 이 순간이 영원하길 난 정말 행복해 밤하늘의 별을 따서 너에게 줄래 너는 내가 사랑하니까 더 소중하니까 오직 너 아니면 안 된다고 외치고 싶어 그저 내 곁에만 있어줘 떠나지 말아줘 그저 내 곁에만 있어줘 떠나지 말아줘 많고 많은 사람 중에 너를 만나서 행복하고 싶어 두 번 다시 울지 않을래 오직 내 눈에는 너만 보여 나를 아껴줘 이제부터 혼자가 아니야 우린 함께니까 나나나 난난 난난나 나나나 난난 난난나 나 나나나 난난 난난나 나나난나 나나나 난난 난난나 나나나 난난 난난나 나 나나나 난난 난난나 나나난나 ,happy
따스한 바람이 불어오는 날엔 포근한 미소로 나를 또 반겨주던 그대란 사람 설레는 이 맘 이렇게 난 너에게 빠졌나 봐 무심한 듯 곁을 지켜주던 그대 느껴본 적 없는 이런 설렘이 누군가를 짝사랑하는 마음인가 봐 그냥 아쉬움만 남는걸 이렇게 좋아해 본 적이 없어요 눈만 뜨면 그대가 참 보고 싶어요 오늘은 그대 내 곁에서 그저 머물러줘요 그리고 내 손잡아 주세요 꼭 안아 주세요 나를 데려다주던 그날 밤 문득 내게 건넨 그 한마디에 괜스레 얼굴이 붉어지고 조심스럽게 oh oh oh 그대에게 oh oh oh 사랑스러운 그대 귓가에 속삭여줄게요 사실 그대와 있던 모든 순간은 내게는 소중하고 너무나 고마워서 정말 아름다워요 조심스럽게 oh oh oh 그대에게 oh oh oh 사랑스러운 그대 귓가에 고백해볼게요 이렇게 좋아해 본 적이 없어요 눈만 뜨면 그대가 참 보고 싶어요 오늘은 그대 내 곁에서 그저 머물러줘요 그리고 내 손잡아 주세요 꼭 안아 주세요 부담스럽지 않게 다가가 볼게요 부디 날 미워하지 말아요 그저 매일 이렇게 날 보며 웃어줘요 더는 바랄 게 하나 없죠 이렇게 좋아해 본 적이 없어요 눈만 뜨면 그대가 참 보고 싶어요 오늘은 그대 내 곁에서 그저 머물러줘요 그리고 내 손잡아 주세요 꼭 안아 주세요 ,happy
빛이 들어오면 자연스레 뜨던 눈 그렇게 너의 눈빛을 보곤 사랑에 눈을 떴어 항상 알고 있던 것들도 어딘가 새롭게 바뀐 것 같아 남의 얘기 같던 설레는 일들이 내게 일어나고 있어 나에게만 준비된 선물 같아 자그마한 모든 게 커져만 가 항상 평범했던 일상도 특별해지는 이 순간 별생각 없이 지나치던 것들이 이제는 마냥 내겐 예뻐 보이고 내 맘을 설레게 해 항상 어두웠던 것들도 어딘가 빛나고 있는 것 같아 남의 얘기 같던 설레는 일들이 내게 일어나고 있어 나에게만 준비된 선물 같아 자그마한 모든 게 커져만 가 항상 평범했던 일상도 특별해지는 이 순간 너를 알게 된 뒤 보이는 모든 것들이 너무 예뻐 보여 그렇게 신난 아이처럼 순수한 사람이 된 것 같아 나에게만 준비된 선물 같아 자그마한 모든 게 커져만 가 항상 평범했던 일상도 특별해지는 이 순간 깊은 사랑에 빠진 순간 ,happy
따뜻한 봄바람처럼 상냥하게 내게 불어오던 너 찬란하게 피어나던 여름의 꽃처럼 반짝이던 너 널 사랑해 아무도 들을 수 없게 내 귓가에만 들리게 밤새워 준비한 서툰 고백 있잖아 널 사랑해 온종일 네가 아른거릴 때 몇 번씩이나 네 안부가 궁금할 때 무심히 너의 사진을 보다가 하염없이 뜬 눈으로 지새던 밤 있잖아 내가 널 정말 좋아하게 됐나봐 처음조차 기억나지 않는 너를 향한 시작 서툴고 모자란 내가 너를 아프게 할까봐 움츠린 내 마음을 너는 알까 따뜻한 봄바람처럼 상냥하게 내게 불어오던 너 찬란하게 피어나던 여름의 꽃처럼 반짝이던 너 널 사랑해 아무도 들을 수 없게 내 귓가에만 들리게 밤새워 준비한 서툰 고백 있잖아 널 사랑해 따뜻한 봄 향기처럼 잠시만 네 곁에 머물 수 있게 불어오는 바람 되어 흐르는 눈물 내가 닦아줄 테니 널 사랑해 밤새워 준비한 말 설레어 못하는 말 이제서야 네게 고백할게 나는 너를 사랑해 나는 너를 사랑해 ,happy
너와 함께 하고 싶은 일들을 상상하는 게 요즘 내 일상이 되고 너의 즐거워하는 모습을 보고 있으면 자연스레 따라 웃고 있는 걸 너의 행동에 설레어하고 뒤척이다가 지새운 밤이 많아지는데 이건 누가 봐도 사랑일 텐데 종일 함께면 질릴 텐데 나 돌아서도 온통 너인 건 아무래도 사랑인가 봐 점점 너와 하고 싶은 일들 생각하면서 하룰 보낸 날이 많아지는데 이건 누가 봐도 사랑일 텐데 종일 함께면 질릴 텐데 나 돌아서도 온통 너인 건 아무래도 사랑인가 봐 너의 행복해하는 모습을 보고 있으면 나도 모르게 따라 웃는데 이 정도면 알아줄 만하잖아 너도 용기 낼만 하잖아 나만 이런 게 아니라면 우리 만나볼 만하잖아 아무래도 사랑인가 봐 ,happy
어린 햇살 아래서 뛰어놀곤 했었던 가쁜 숨결 굽이진 골목 지나 길을 따라가보면 같은 기억 어른이란 시간은 아직 어색하게도 나를 채워 많은 게 변했다 해 여긴 그대로인걸 You’ll feel the same 땀에 젖어 놀았던 우리는 너와 난 이젠 돌아갈 순 없지만 낡아진 서랍 속에서 작았던 서롤 기억해 When I’m far from home Always 떠올라 난 아직도 반짝이던 네 두 눈 마주 보던 그림자 마주 보던 우리는 여기 still same 시간은 언제나 날 울리는 존재지만 놓질 못해 많은 게 더 지날 땐 여긴 또 하나의 Our home 그땐 우린 어딜까 낡아진 서랍 속에서 작았던 서롤 기억해 When I’m far from home Always 떠올라 난 아직도 반짝이던 네 두 눈 혼자서 숨겼던 널 향한 마음은 알게 하진 않을 거야 널 볼 수 있다면 그걸로 충분해 담을게 두 눈에 언제든 항상 낡아진 서랍 속에서 작았던 서롤 기억해 When I’m far from home Always 떠올라 난 아직도 반짝이던 네 두 눈 ,happy
떨어질 줄 몰랐던 너의 품도 잡은 손에 스치던 봄바람도 떨리던 입맞춤도 맞춰 걷던 걸음도 내겐 모두 처음이라서 고된 하루 끝을 토닥여 준 것도 작은 편지로 큰 눈물을 준 것도 벚꽃과 여름바다 단풍과 함박눈이 처음이라서 힘든가 봐 나의 첫 사람이 내 첫사랑이 너라서 처음이라서 유난히 아픈가 봐 시간이 지나면 다 무뎌지는 날 언젠가 오겠지 그때까지만 더 아파해볼게 누군가를 위한 노랠 부른 것도 세상에 누군가를 자랑한 것도 너를 떠올리는 게 나를 떠올리는 일이 되는 게 익숙해져 버려서 나의 첫 사람이 내 첫사랑이 너라서 처음이라서 유난히 아픈가 봐 시간이 지나면 널 보며 웃는 날 언젠가 오겠지 그때까지만 더 아파해볼게 사실은 겁이 나 이젠 어딜 가도 너와의 추억만 있을까 봐 그래도 처음이라 힘든 거니까 더 아픈 거니까 처음엔 다 그런 거니까 고생했어 많이 행복했었어 너라서 다 너라서 유난히 좋았나 봐 시간이 지나면 먼 추억이 되어 언젠간 웃겠지 참 좋았어 네가 내 처음이라서 ,sad
분명 나는 꿈을 꾼 거다 눈 떠보니 이별이더라 휴대폰을 확인해 봤더니 다시 봐도 이별이더라 헛웃음만 흘러나왔고 두 다리는 풀려 버렸고 문득 스친 네 얼굴 생각나 눈물이 하염없이 쏟아지는데 대체 무슨 짓을 한 건데 엎질러진 물에 난 젖은 채로 꼼짝 못하고 그 수많은 이별 뒤에도 넌 분명히 사랑이었다 정말 내 옆에 있었잖아 늘 여기 있었잖아 네가 날 떠나가면 그냥 가버리면 이런 식이면 나 곤란한데 눈 떠보니 이별이더라 이건 절대 현실이 아니야 눈 감으면 꿈이 될 거야 애써 부정해봐도 이별이 맞잖아 눈물마저 말라버리고 네 이름만 중얼거리고 움직이지 못하고 웅크린 채 너만 외치고 그 수많은 이별 뒤에도 넌 분명히 사랑이었다 정말 내 옆에 있었잖아 늘 여기 있었잖아 네가 날 떠나가면 그냥 가버리면 이런 식이면 나 곤란한데 꿈만 같던 사랑도 다 이별하면 현실이야 알람 하나 없이 깨어나 한 번만 더 기회를 줘 다시 하면 잘할 텐데 내가 바보 같아 화가 나 참을 수가 없다 그 수많은 이별 뒤에도 당연하게 이별이 온다 정말 가슴을 찢어 놔도 네가 날 짓밟아도 나 아닌 딴 사람과 평생 사랑해도 나는 너 아니면 곤란한데 평생 나는 너 아니면 안 되는데 눈 떠보니 이별이더라 ,sad
내 소식 들었지 너와 헤어지고 참 많이 울고 힘들게 버티다 이해심이 많은 좋은 사람을 만나서 나는 잘 지내고 있어 그런데 이상해 아직 넌 힘들어한다는 얘길 전해 들으니 네가 좀 걱정돼 그녀에게 미안하지만 자꾸 네가 생각나 어떻게 지내 네 안부 참 궁금한데 날 잊고 행복하길 바랬는데 예쁜 사랑 하기를 바랬는데 잘해주지 못한 날 왜 잊지 못하니 들려오는 너의 안부 못 들은 척 지나갈걸 그게 안돼 지금 여자친구 힘들 때 내 곁으로 와 너의 기억을 하나씩 지워줬어 고맙게 나는 나쁜 놈인 가봐 고작 너의 안부에 가슴이 뛰고 왜 눈물이 나는 건데 날 잊고 행복하길 바랬는데 예쁜 사랑 하기를 바랬는데 잘해주지 못한 날 왜 잊지 못하니 들려오는 너의 안부 못 들은 척 지나갈걸 헤어짐을 말한 너를 미워도 하고 후회하며 지내기를 바랬어 널 잊고 행복하게 잘 살았는데 예쁜 사랑 다시 시작했는데 다 잊었다 생각하고 지내왔는데 들려오는 너의 안부에 결국 무너졌어 ,sad
우리 이제 헤어지기로해 너도 알잖아 우린 충분했다는걸 이별이 무서워 자꾸 피해보지만 이젠 정말 끝인걸 우리 사랑이 우리 추억이 이젠 끝나가지만 함께한 기억은 내가 다 가져갈게 끝이란걸 알지만 끝이라고 안할게 내눈에 비친 네 모습이 날 나쁘게 만들어 나 이제 너와 서툰이별을 하려해 많이 아프겠지만 이제 정말 헤어지려해 가끔 혼자 견디기 힘들어 나도 몰래 널 부르게되면 그냥 지나쳐줘 서툰이별이라서 그래 혹시 그때의 서로를 조금더 이해했더라면 우린 조금은 달라졌을까 이제와서 이러는 내가 너무 이기적인가봐 내눈에 비친 네 모습이 날 나쁘게 만들어 나 이제 너와 서툰이별을 하려해 많이 아프겠지만 이제 정말 헤어지려해 가끔 혼자 견디기 힘들어 나도 몰래 널 부르게되면 그냥 지나쳐줘 서툰이별이라서 그래 우리의 최선은 여기까지인거같아 수고많았어 이젠 널 보낼게 같은 추억속에 우리를 이젠 보내줘야해 애써 그냥 웃으며 아무렇지 않게 널 보낼게 우리 이제 정말 이별을 하려해 많이 아프겠지만 많이 힘들겠지만 혹시 우리가 다시 만나게 되는 날이 다가오면 그땐 꼭 안아줘 많이 보고싶었다고 말해줘 ,sad
Forget me close your eyes Forget me close your eyes 돌아보지 않을 거야 나 이제 Forget me close your eyes Forget me close your eyes 돌아보지 않을 거야 나 이제 Forget me close your eyes Forget me close your eyes woo leak out 우리 둘 사이로 아무렇지 않을 너는 이 맘 알고 있을까 두려워 널 보낼 때가 돼버린 걸까 이제 매일 헤매이는 밤 잠들 때마다 미워지지만 괜찮아 하루에도 난 수백 번 고민해 너 없을 때에도 그날 너에게 전할 얘기가 나를 자꾸 괴롭히는 걸 내일이면 다 지워버려야지 이젠 이번에는 널 다 잊을 수 있을까 Forget me close your eyes Forget me close your eyes 돌아보지 않을거야 나 이제 Forget me close your eyes Forget me close your eyes woo leak out 우리 둘 사이로 네가 없는 나의 하루는 어떨진 몰라 근데 자꾸만 내 맘이 조금씩 나도 모르게 흘러가는 걸 그저 서롤 힘들게 굴지 않아도 되는 날에 행복하길 바래 하루에도 난 수백 번 고민해 같이 있을 때에도 지금 너에게 전할 얘기가 너를 더 아프게 하는 걸까 내일이면 다 지워낸 뒤겠지 이젠 이번에는 널 다 잊을 수 있을까 Forget me close your eyes Forget me close your eyes 돌아보지 않을 거야 나 이제 Forget me close your eyes Forget me close your eyes woo leak out 우리 둘 사이로 그날이 그립겠지만 잊을 수 없게 됐지만 이제 돌이킬 수 없는 날이 됐지만 같은 시간 속 우린 다른 하룰 그리워하며 흘러가겠지 I just wanna get away with it Forget me close your eyes Forget me close your eyes 같이 나눈 그 순간은 눈 감으면 잊혀질까 Forget me close your eyes Forget me close your eyes woo leak out 우리 둘 사이로 ,sad
안녕 안녕 이제 인사를 해야지 너와 나의 이별인데 아니 아니 나는 그게 안될것 같아 너를 보내는 일 영활보고 밥을 먹는 일도 손을 잡고 거릴 걷는 일도 앞으로는 혼자란 사실에 그게 나를 울게 만드는걸 안녕 내 전부였던 너 사랑해 너라서 난 좋았어 다신 너 같은 사람 만날수 없을거야 잘가 고마워 사실 사실 너도 많이 힘들었겠지 이별을 말하기 조금만 더 참을순 없었니 한번만 더 기횔 줄 순 없니 너에게 난 말하지 못했어 좋은 기억 마저 사라질까봐 안녕 내 전부였던 너 사랑해 너라서 난 좋았어 다신 너 같은 사람 만날수 없을거야 잘가 고마워 너무 아파서 소리도 낼 수 없어 너를 어떻게 나 잊겠니 제발 이 말만 듣고 가 진심을 다해 사랑했단 말 잊으라는 건 못해 난 그냥 이게 편해 미안 내 사랑 ,sad
서툰 작별이었는지 아련한 슬픔 속에 눈물이 멈추질 않아 너무나 어렸던 걸까 내 이기적임에 너를 보내고 말았던 걸까 우리 헤어지자고 말한지 딱 하루 뒤 잠깐의 실수였단 걸 뒤늦게 깨달아버린 순간 아침마다 듣던 네 목소리 따스한 네 품이 벌써 그리운 내가 싫어져 바보처럼 너를 버린 내가 왜 이제와서 눈물을 흘리는지 내 마음을 알 수 없는게 더 아파 서툰 사랑이었을까 나 항상 너에게 없는 사람처럼 느껴질때가 많았어 우리 헤어지자고 말한지 딱 하루 뒤 잠깐의 실수였단 걸 뒤늦게 깨달아버린 순간 아침마다 듣던 네 목소리 따스한 네 품이 벌써 그리운 내가 싫어져 바보처럼 너를 버린 내가 왜 이제와서 눈물을 흘리는지 내 마음을 알 수 없는게 더 아파 이미 뱉어버린 작별인사 안에서 우리 사랑했던 그 기억들만 아침마다 듣던 네 목소린 이제 어제처럼 오늘도 나에게 널 사랑한다 할 것만 같은데 들리지 않아 바보처럼 너를 버린 내가 왜 이제와서 눈물을 흘리는걸까 내 마음을 알 수 없는게 더 아파 ,sad
지울게 너에게 남겨줬던 추억까지도 바랄게 너와의 기억도 남지 못하게 더는 다가갈 수 없어 네게 이런 마음이 너무 두려워 너의 기억 모두 가져가 줘 다 지워줘 done for me 깨끗이 지워질 수 있을까 널 벗어날 수 있을까 사랑했던 기억도 다 비워낼 수 있을까 더 이뤄질 수는 없어 난 다가갈 수 없어 미친 듯이 뛰어가 너 없는 곳에 가 사랑은 갔고 남겨진 추억들은 아팠고 네가 내게 남겨줬던 기억은 가시가 됐고 다 사라졌으면 해 모두 지워졌으면 해 나 쉴 수 있게 널 떠날게 가질 수 없는 너란 걸 알고 있어 보낼게 너와의 기억 모두 다 버릴게 더는 다가갈 수 없어 네게 이런 마음이 너무 두려워 너의 기억 모두 가져가 줘 다 지워줘 done for me 나의 기억에서 떠나가줘 너의 추억들도 가져가 줘 지워줘 너의 그리움까지도 그리워도 그립지는 않게 모든 순간들을 잊어볼게 다 잊을게 너의 작은 흔적까지도 지울게 너에게 남겨줬던 추억까지도 바랄게 너와의 기억도 남지 못하게 더는 다가갈 수 없어 네게 이런 마음이 너무 두려워 너의 기억 모두 가져가 줘 다 지워줘 done for me 너를 떠날 수밖에 멀어질 수밖에 없으니까 이런 나를 제발 용서해줘 언젠가는 우리 다시 만날 수 있기를 done for me done for me ,sad
그때의 우리 사랑 뜨겁고 치열했는데 끝나보니 남는건 미움뿐 몇번의 계절을 더 보내야 괜찮아 질까 미련이 듬뿍 남은 하루를 보내 친구들과 통화에 우연히 들은 니 소식 다른 사랑을 시작해 잘 지낸다고 한땐 소중했었고 많이 사랑했었던 우리둘은 이젠 남이 됐고 모르는 사람이야 넌 완벽히 잊었나봐 이렇게 넌 잘사는데 괜한 걱정을 했나봐 나만 힘든가봐 너도 내 소식을 전해 들었으면 좋겠어 아직은 좀 힘들어 한다는 미안한 마음갖고 가끔씩 날 생각해줘 그래야 내 맘이 좀 편할거 같아 니옆에 다른 사람 있다는게 참 낯설어 뭔지 모를 서운함은 이기적인 거니 한땐 소중했었고 많이 사랑했었던 우리둘은 이젠 남이 됐고 모르는 사람이야 넌 완벽히 잊었나봐 이렇게 넌 잘사는데 나만 끝을 미뤘나봐 나만 그랬나봐 솔직한 맘을 말하면 좋은 사랑 안했으면 해 가슴아프게 지내길 바랬어 너는 행복하겠지 많이 설레이겠지 나 없이도 웃는 니 모습에 이제야 실감이나 넌 완벽히 떠났나봐 확실히 날 떠났나봐 난 니가 너무 미워져 행복하지 말아줘 잘지내지 말아줘 좋은 사람 만나 다행이란 말은 거짓말이야 네 소식 들은 그날밤 펑펑 울다가 밤을 샜어 늦어버린걸 알지만 어쩔수 없나봐 ,sad
한잔 술에 잊자 그만 나도 숨 좀 쉬자 제발 마치 주문처럼 매일 읊조렸던 넌 모르는 내 슬픈 혼잣말 친구들 통해 들은 네 소식 너무 잘 살고 있어 날 만날 때보다 더 너는 없었지만 억지로 삼킨 밥들이 친구가 되어줬던 술이 겨우 날 숨 좀 쉬게 해 많이 잊었어 이제 네 얼굴도 까마득해 잘 살고 있다 너처럼 두려워 듣기 싫던 네 소식 막상 듣게 되니 또 이별한 듯이 아파 너는 없었지만 억지로 삼킨 밥들이 친구가 되어줬던 술이 겨우 날 숨 좀 쉬게 해 많이 잊었어 이제 네 얼굴도 까마득해 잘살고 있다 너처럼 너 없는 많은 밤들이 혼자 버틸 날들이 아직 너무 많은데 가끔은 너 철없던 나의 장난에 입꼬리 올라가던 그 미소가 그리워 가진 건 없지만 널 가진 게 전부였어 그래서 무너졌나 봐 너밖에 없었으니까 언젠간 나도 나만 사랑해줄 사람 만나 잘 살고 싶다 너처럼 나도 그럴 수 있을까 ,sad
오늘이 지나면 널 지워야겠지 흔들리는 이 술잔이 너의 마음 같아서 아무 말 안 해도 난 알 수가 있어 오늘 넌 이별을 말할 것 같아 하필 왜 이 포장마차니 우리 처음 만났던 이 자리에서 왜 눈물 나게 해 이 술잔을 마시고 나면 넌 이별을 말할 것만 같아 제발 이러지 마 나를 떠나지 마 다 소용없는 거잖아 이 술잔을 마시고 나면 너 혼자만 끝인 거잖아 우리가 왜 헤어져야 해 이 술잔을 비우지 마 제발 하필 왜 이 포장마차니 우리 매일 만났던 그 자리에서 왜 눈물 나게 해 이 술잔을 마시고 나면 넌 이별을 말할 것만 같아 제발 이러지 마 나를 떠나지 마 다 소용없는 거잖아 이 술잔을 마시고 나면 너 혼자만 끝인 거잖아 우리가 왜 헤어져야 해 이 술잔을 비우지 마 제발 이 한잔의 술잔을 마시면 난 너 없이 살아갈 수 있을까 이제 우린 남이 되겠지 이 술잔을 마시고 나면 이 한잔에 끝낼 거라면 넌 사랑을 말하면 안 되잖아 그때 왜 그랬어 날 왜 사랑했어 어차피 남이 될 거잖아 이 술잔을 마시고 나면 너 혼자만 끝인 거잖아 우리가 왜 헤어져야 해 이 술잔을 비우지 마 제발 ,sad
내가 너라면 다 알아볼 텐데 널 위할 사람 찾아낼 텐데 지난 오랜 시간 너의 그 곁을 지켜온 나라는 걸 내가 너였다면 참 행복할 텐데 한 사람을 다 가졌으니까 둔한 바보도 눈치챌 그 사랑을 너만 왜 모르니 너를 바라만 바라만 본다 외쳐 네 이름만 부른다 보고 싶은 맘에 너를 향한 그 발걸음 네 곁을 맴도는데 오늘도 그리고 그리워하다 애써 참았던 눈물이 흘러 그저 멀리서만 바라보다 또 소리쳐 네가 보고 싶다 네가 나라면 더 참 아팠을 텐데 슬픈 역할은 내가 맡을게 웃는 모습만 보이며 살아가 줘 내가 볼 수 있게 너를 바라만 바라만 본다 외쳐 네 이름만 부른다 보고 싶은 맘에 너를 향한 그 발걸음 네 곁을 맴도는데 오늘도 그리고 그리워하다 애써 참았던 눈물이 흘러 그저 멀리서만 바라보다 또 소리쳐 네가 보고 싶다 한 걸음 더 다가갈까 더 가까이 네게 갈까 OH 어제보다 더 내일 더 널 사랑해 I’ll make you love me someday 혼자 바라고 바라만 보다 울컥 그리움이 솟는다 바보 같은 맘에 하지 못한 그 한마디 널 사랑한다는 말 얼마나 그리고 그리워해야 내 맘 너의 곁에 닿게 될까 매일 하루 종일 너의 생각에 사무쳐 너무 보고 싶다 ,sad
자꾸만 연락을 피하고 바쁘다며 약속을 미루고 점점 변해가는 네 모습 무심한 말투 조금씩 넌 반대로 가고 있어 다급했던 이별의 순간들 아직도 난 거짓말 같아서 아름답게 웃던 네 모습 볼 수 없다고 생각하면 미칠 듯 아픈데 자꾸만 생각이나 너무나도 사랑했었고 그런 내겐 전부였는데 이젠 너와 난 반대로 살고 있나 봐 사랑해 너밖에 없단 말 그 말 너무나도 그리워서 너를 보낼 수가 없나 봐 너를 저 멀리 보이는 네 모습 웃고 있는 넌 잘 지냈나 봐 찾아가지 말걸 그랬어 믿고 싶었는데 영화 같은 일 내겐 없나 봐 나를 다 잊은 거니 너무나도 사랑했었고 그런 내겐 전부였는데 이젠 너와 난 반대로 살고 있나 봐 사랑해 너밖에 없단 말 그 말 너무나도 그리워서 너를 보낼 수가 없나 봐 행복해 보여 나 없이도 잘 지내는데 어떻게 난 널 잊고 살 수 있을까 웃으며 내 품에 안긴 너 너의 모습이 죽을 만큼 그리워서 보낼 수가 없잖아 너를 ,sad
비 내리는 날 창가에 앉아 서두르던 일상을 달래다 울적해진 마음잡고 써 내려가다 울컥 눈물만 헤어진단 게 낯설기만 해 하루하루를 그저 버티다가 누군가 내게 네 얘길 물을 때면 울컥 눈물만 어두워지면 밤하늘을 헤매다 잠시 잊었던 혼자라는 생각에 밤새 뒤척이다 네 생각에 잠 못 드는 날엔 그저 눈물만 다른 사람을 만난다면 그땐 꼭 바랄게 나보단 너를 더 이해하길 우리 뜨겁게 사랑했던 기억 모두 다 지우고 만난 적 없었던 것처럼 Oh You Oh You 마치 우린 없었던 사이 어두워지면 밤하늘을 헤매다 잠시 잊었던 혼자라는 생각에 밤새 뒤척이다 네 생각에 잠 못 드는 날엔 그저 눈물만 다른 사람을 만난다면 그땐 꼭 바랄게 나보단 너를 더 이해하길 우리 뜨겁게 사랑했던 기억 모두 다 지우고 만난 적 없었던 것처럼 그렇게 뱉어놓은 그 많은 말들은 없어 마치 우린 없었던 사이 다른 사람을 만난다면 그땐 꼭 바랄게 나보단 너를 더 이해하길 우리 뜨겁게 사랑했던 기억 모두 다 지우고 만난 적 없었던 것처럼 Oh You 마치 우린 없었던 사이 ,sad
혼자 이별을 하고 가버리면 난 어떡하라고 너 없는 하루를 살아보고 너 없는 채로 잠들어본다 잊을 수 있다고 다짐을 해 보고 다 잊은 척 웃어도 보고 별일 아닌 듯 혼자 영화도 보고 너의 빈자릴 채워 본다 가끔 보고 싶어 견디기 힘들면 나 하루 종일 너를 찾아 헤매보고 손잡고 걷던 거리에 우두커니 서서 혹시 니가 올까 가슴 설레 본다 잘 살 수 있다고 다짐을 해 보고 태연한 척 웃어도 보고 드라마처럼 혼자 취해도 보고 널 잊으려고 하면 할수록 너무 보고 싶어 견디기 힘들어 비틀거리며 너를 또 찾아 헤매고 나란히 걷던 이 길에 나만 혼자 남아 눈물 삼키면서 너를 기다린다 날 그토록 사랑해주던 너란 사람은 어디까지 간거니 너무 보고 싶어 견디기 힘들어 오늘따라 난 니가 너무 보고 싶어 나 술에 취한 채 추억에 취한 채 비틀거리면서 너를 기다린다 다시 너를 기다린다 ,sad
더는 할 말이 없어 다른 이유도 어떤 변명도 난 의미 없단 걸 알아 끝이란 게 다 그렇잖아 더는 물어보지 마 언제부턴지 왜 그런 건지 난 그저 함께한 이 모든 게 힘들었다고 말하잖아 니 품에 안기던 그날 밤에도 입을 맞추던 그 순간에도 나에게 그 모든 게 더는 너에게 말할 수 없는 상처로 남아 내겐 그 모든 게 다 부담이 돼 그렇게 내게 말하지 마 나도 내 맘을 어쩔 수 없는 걸 오늘까지도 많이 힘들었단 걸 너는 알고 있잖아 니 품에 안기던 그날 밤에도 입을 맞추던 그 순간에도 나에게 그 모든 게 더는 너에게 말할 수 없는 상처로 남아 내겐 그 모든 게 다 처음엔 나도 아무렇지 않았어 깊어지면 질수록 너에 품에서 문득 끝이라는 게 너무 두려워서 애써 괜찮은 척만 또 난 니 품에 안기던 그날 밤에도 입을 맞추던 그 순간에도 미안해 이해해줘 더는 너에게 말할 수 없는 그 모든 것이 내겐 부담이 돼 마주하는 지금에도 난 니 품에 안기던 그날 밤에도 입을 맞추던 그 순간에도 미안해 이런 나를 이해해줘 쉽지 않을 걸 알지만 더는 할 수 없는 걸 이 모든 게 ,sad
널 보면 나와 달라 이렇게 난 네 생각뿐인데 널 사랑했던 만큼 아파야 하는 걸까 난 이 밤의 끝을 잡고 잠 못 드네 차가웠던 시간이 다 지나가면 따스한 저 햇살들이 날 비춰 줄까 결국 우린 끝난 사이라 하지만 돌아올 것만 같았어 널 보면 나와 달라 왜 나만 또 네 생각뿐인데 끝이 보이지 않던 슬픔이 잦아들면 난 이 밤의 끝을 잡고 잠이 드네 네가 날 떠나고 후회한 나잖아 지금 넌 아무렇지 않을까 그 차가운 바람이 불어오는 게 난 무서워 다시 안을 수 있다면 난 다 할 텐데 너 없는 밤 아프게 지워가지만 내 맘은 널 그리워해 널 보면 나와 달라 누가 그래 넌 나와 같다고 끝이 보이지 않던 슬픔이 잦아들면 난 이 밤의 끝을 잡고 잠 못 드네 I'll always be with you all night 함께 했던 추억뿐이지만 난 이제 너를 모두 지울래 내 맘이 너무 아파서 널 보면 나와 달라 아직도 난 널 사랑하나 봐 그래 너라도 정말 행복하면 좋겠어 난 이 밤의 끝을 잡고 잠 못 드네 째깍 째깍 초침 소리 시간은 또 흐르는데 넌 어디에 있니 ,sad
멍하니 아무 일도 할 일이 없어 이게 이별인 거니 전화기 가득 찬 너와의 메시지만 한참 읽다 읽다 너의 목소리 마치 들린 것 같아 주위를 둘러보면 내 방엔 온통 너와의 추억투성이 이제야 눈물이 수고했어 사랑 고생했지 나의 사랑 우리 이별을 고민했던 밤 서로를 위한 이별이라고 사랑했단 너의 말을 믿을게  혹시 너무 궁금해 혹시 너무 그리우면 꼭 한 번만 보기로 해  너의 뒷모습 사라질 때까지 봤어 마지막이라서 나 먼저 떠나면 어깨 들썩여 우는 내 뒷모습 싫어서 수고했어 사랑 고생했지 나의 사랑 우리 이별을 고민했던 밤 서로를 위한 이별이라고 사랑했단 너의 말을 믿을게  혹시 너무 궁금해 혹시 너무 그리우면 꼭 한 번만 보기로 해  좀더 예뻐져도 훨씬 더 세련되져도 후회하지 마 나를 놓친걸 누군가 딴 사람 만나면 내게 들리도록 막 자랑해줘  그때서야 끝낼게 내게 돌아올지 모를 너를 꿈꾸는 그 밤을 할말 끝 안녕 내 사랑     ,sad
하루만 더 우리 이별을 늦춘다면 어땠을까 그럴 일 없다는 걸 나는 알면서도 아직 널 보낼 수가 없나봐 한번만 나 이렇게 널 불러볼게 오늘까지만 그리워할게 끝이 보이지않아 내 사랑은 가슴깊이 이별을 남기고 새까맣게 흉터가 되어도 또 다시 너를 그리워해 내 전부인 널 단 하루만 더 너를 사랑할게 단 한순간도 못 잊어 너 없는 세상이 너무나 아파서 무너져가 다시 돌아와줘 시간에 기대어 애써봐도 이별은 왜 계속 선명해질까 잘 지내란 인사 못할 것 같아 오늘까지만 눈물 흘릴게 oh 혼자 남은 내 맘을 이해해줘 네 흔적이 그대로 남아서 내 입술이 추억을 부르고 여전히 너를 사랑한다 내 전부인 널 단 하루만 더 너를 사랑할게 단 한순간도 못 잊어 너 없는 세상이 너무나 아파서 무너져가 다시 돌아와줘 시간에 기대어 애써봐도 이별은 왜 계속 선명해질까 우리의 이별 끝에 아직도 서있어 지금도 네게 하고 픈 말 뜨겁게 널 사랑한다고 단 한순간도 못 보내 너 없는 세상이 너무나 아파 목이 메어와 정말 끝난거니 참 행복했었던 그때 우린 추억마저 사라지고 있잖아 ,sad
조금은 괜찮다 생각했는데 이제는 잊혀질 때도 됐는데 아무렇지 않다가도 그대가 없단 게 아직 나에겐 어색한 걸까 벅차도록 행복했던 그때가 그리워서 추억이 녹아든 거릴 혼자 걸을 때면 자꾸만 눈앞에 그대가 선명히 보이네요 그댄 아직도 왜 내 맘속에 살고 있나요 지금 그대는 나 없이도 행복하나요 조금은 그대도 나처럼 아프긴 하나요 아직 난 이별이 서투네요 하나도 괜찮지가 않네요 오늘따라 더 미운 그대가 너무 보고 싶죠 지워보려 애를 쓰고 아무리 외면해도 추억은 더욱 아름답게 짙어져 가네요 견뎌온 시간만큼 더욱더 아픔이 커지네요 그댄 아직도 왜 내 맘속에 살고 있나요 지금 그대는 나 없이도 행복하나요 조금은 그대도 나처럼 아프긴 하나요 아직 난 이별이 서투네요 하나도 괜찮지가 않네요 오늘따라 더 미운 그대가 너무 보고 싶죠 달랠 길 없는 이 마음을 어떡하나요 난 아직도 그댈 사랑하는데 지금 그대는 이런 나를 알고 있나요 하루하루를 추억 속에 살고 있네요 아직 난 모든 게 서투네요 괜찮지가 않아요 오늘따라 더 미운 그대가 너무 보고 싶죠 오늘따라 행복할 그대가 너무 미워요 ,sad
 꽃 잎이 내 맘을 흔들고 꽃 잎이 내 눈을 적시고 아름다운 기억 푸른 하늘만 바라본다 꼬마야 약해지지마 슬픔을 혼자 안고 살지는 마 아빠야 어디를 가야 당신의 마음처럼 살 수 있을까 가장 큰 별이 보이는 우리 동네 따뜻한 햇살 꽃이 피는 봄에 그댈 위로해요 그댈 사랑해요 그대만의 노래로 뚜루뚜뚜두 두두두 뚜루뚜뚜두 두두두 뚜루뚜뚜두 두두두 하늘바라기 하늘만 멍하니 가장 큰 하늘이 있잖아 그대가 내 하늘이잖아 후회 없는 삶들 가난했던 추억 난 행복했다 아빠야 약해지지마 빗속을 걸어도 난 감사하니깐 아빠야 어디를 가야 당신의 마음처럼 살 수 있을까 가장 큰 별이 보이는 우리 동네 따뜻한 햇살 꽃이 피는 봄에 그댈 위로해요 그댈 사랑해요 그대만의 노래로 따뜻한 바람이 부는 봄 내음 그대와 이 길을 함께 걷네 아련한 내 맘이 겨우 닿는 곳에 익숙한 골목 뒤에 숨어있다가 그대 오기만 오기만 기다린 그때가 자꾸만 떠올라 가장 큰 별이 보이는 우리 동네 따뜻한 햇살 꽃이 피는 봄에 그댈 위로해요 그댈 사랑해요 그대만의 노래로 뚜루뚜뚜두 두두두 뚜루뚜뚜두 두두두 뚜루뚜뚜두 두두두 하늘바라기 하늘만 멍하니  ,indifference
 우린 오래전부터 어쩔 수 없는 거였어 우주 속을 홀로 떠돌며 많이 외로워하다가 어느 순간 태양과 달이 겹치게 될 때면 모든 것을 이해할 수 있을 거야 하늘에선 비만 내렸어 뼈 속까지 다 젖었어 얼마 있다 비가 그쳤어 대신 눈이 내리더니 영화서도 볼 수 없던 눈보라가 불 때 너는 내가 처음 봤던 눈동자야 낯익은 거리들이 거울처럼 반짝여도 니가 건네주는 커피 위에 살얼음이 떠도 우리 둘은 얼어붙지 않을 거야 바다 속의 모래까지 녹일 거야 춤을 추며 절망이랑 싸울 거야 얼어붙은 아스팔트 도시 위로 숨이 막힐 거 같이 차가웠던 공기 속에 너의 체온이 내게 스며들어 오고 있어 우리 둘은 얼어붙지 않을 거야 바다 속의 모래까지 녹일 거야 춤을 추며 절망이랑 싸울 거야 얼어붙은 아스팔트 도시 위로  너와 나의 세대가 마지막이면 어떡해 또 다른 빙하기가 찾아오면 어떡해 긴 세월에 변하지 않을 그런 사랑은 없겠지만 그 사랑을 기다려줄 그런 사람을 찾는 거야 긴 세월에 변하지 않을 그런 사랑은 없겠지만 그 사랑을 기다려줄 그런 사람을 찾는 거야 긴 세월에 변하지 않을 그런 사랑은 없겠지만 그 사랑을 기다려줄 그런 사람을 찾는 거야 긴 세월에 변하지 않을 그런 사랑은 없겠지만 그 사랑을 기다려줄 그런 사람을 찾는 거야 ,indifference
" 약속해요 이 순간이 다 지나고 다시 보게 되는 그날 모든걸 버리고 그대 곁에 서서 남은 길을 가리란 걸 인연이라고 하죠 거부 할 수가 없죠 내 생에 이처럼 아름다운 날 또 다시 올 수 있을까요 고달픈 삶의 길에 당신은 선물인걸 이 사랑이 녹슬지 않도록 늘 닦아 비출께요 취한듯 만남은 짧았지만 빗장 열어 자리했죠 맺지 못한데도 후회하지 않죠 영원한건 없으니까 운명이라고 하죠 거부 할 수가 없죠 내 생에 이처럼 아름다운 날 또 다시 올 수 있을까요 하고픈 말 많지만 당신은 아실테죠 먼길 돌아 만나게 되는 날 다신 놓지 말아요 이 생에 못다한 사랑 이 생에 못다한 인연 먼길 돌아 다시 만나는 날 나를 놓지 말아요<br <="""" div=""""/> <button class=""button_more arrow_d"" data-control=""expose"" data-expose-target=""#d_video_summary"" data-expose-type=""more"" title=""인연 가사 더보기"" type=""button""> <span class=""text"">펼치기</span> <i class=""button_icons etc arrow_d""></i> </button> ",indifference
 옅은 바람 냄새에 두 눈을 감아본다 낡은 가슴 여전한 떨림 그대가 그대가 온다 어렴풋이 피어오르는 그 옛날의 기억이 두 눈에 소리 없이 흘러 이 가슴을 울려온다 내 맘속에 그대가 분다 그 시절 그때처럼 웃으며 나에게 불어와 소리 없이 그대가 분다 내 가슴 한가운데 보고 싶은 그대가 분다 앙상해진 너의 계절에 가슴이 시려 와도 돌아보면 어제 같은 날들 그 시절은 영원하다 내 맘속에 그대가 분다 그 시절 그때처럼 웃으며 나에게 불어와 소리 없이 그대가 분다 내 가슴 한가운데 보고 싶은 그대가 분다 정말 사랑했구나 그댈 매일 돌아보며 사는 나 내 맘속에 그대가 분다 어디선가 그대가 운다 안아주고 싶지만 자꾸만 멀어지잖아 온 맘 다해 그댈 부른다 이 세상 한가운데 눈물로 그댈 불러본다 하루 종일 그대가 분다  ,indifference
 결혼에 대하여 예쁜 단어를 골라 예쁜 칭찬을 하고 예쁜 밤을 만들 것 결혼에 대하여 좋은 사람을 만나 좋은 사랑을 하고 좋은 집을 갖는 것 나 그게 어려워 혼자 TV를 트나 봐 편한 옷을 입고 나가 독한 소주를 사나 봐 혼자 남산에 가나 봐 혼자 한강을 걷나 봐 혼자 저녁을 먹나 봐 뭔가 다 어려우니까 에 에 에 에 에 에에에 에 에에에 에 에에에 에 에에에 에 에에에 에 에에에 에 에에 에 에에 에 에에에 에에에 에 에에에 에 에에에 에 에에에 에 에에에 에 에에에 에 에에 에 에에 쓰다 남은 위로라면 그냥 지나가도 돼 사랑 없이 사는 것도 들먹이진 말아줘 나를 보면 지금보다 울먹이지 말도록 혼자 먹는 저녁 말고 사랑 너머에 관하여 가끔 나쁜 얼굴에 각진 단어를 골라 아프게 말하고 남이 되잖아요 내 마음은 그래 나 그게 두려워 나 그게 어려워 TV나 보는 중 TV나 보는 중 TV나 보는 중 에 에 에 에 에에에 에 에에에 에 에에에 에 에에에 에 에에에 에 에에에 에 에에 에 에에 에 에에에 에에에 에 에에에 에 에에에 에 에에에 에 에에에 에 에에에 에 에에  ,indifference
 한 사람을 너무 사랑했던거죠  얼마나 나를 아프게 할지도 모르고  기뻐했죠 이 세상에 그댈 가진 사람 나 하나 뿐이라며 흰 눈이 내리던 어느 날 그 고운 입술로 날 사랑한다고  안녕이란 말을 하고 그대가 내 곁을 떠나갔죠  몰랐었죠 우리 헤어진다는건  정말 그대가 내 사랑인줄 알았는데 좋아했죠 그대 나와 같은 생각하고 있을거라 믿었죠 흰 눈이 내리던 어느 날 그 고운 입술로 날 사랑한다고 안녕이란 말을 하고 그대가 내 곁을 떠나갔죠 하얀 눈위에 멀어져 가는 그대가 남겨둔 발자국 세며 멍하니 바보처럼 떠나가는 뒷모습 보면서 울었죠 흰 눈이 내리던 어느 날 그 고운 입술로 날 사랑한다고 안녕이란 말을 하고 그대가 내 곁을 떠나갔죠 흰 눈이 내리던 어느 날 그 고운 입술로 날 사랑한다고 안녕이란 말을 하고 그대가 내 곁을 떠나갔죠 내 곁을 떠나갔죠  ,indifference
 떠나지 말아 주오 그댈 품었던 나를 마음에 물들어 짙어진 사랑 이게 끝은 아니길 그대와 달 아래 걷고 싶소 단 한 번이라도 좋겠소 꽃 가루 날리는 저 언덕 위에 그대의 손잡고 가리 봄바람에 날리는 저 꽃잎에 담아서 이 마음 전하면 그대 알까요 꺼내지 못했던 말 그대와 달 아래 걷고 싶소 단 한 번이라도 좋겠소 꽃 가루 날리는 저 언덕 위에 그대의 손잡고 가리 저만치 멀어지는데 점점 멀어지는데 멈출 수 없는 이 사랑 나만 왜 이렇게 아픈 건지 하루라도 단 한 번이라도 내 곁에 머물러 준다면 심장이 닿을 만큼 그댈 안고 영원히 놓지 않겠소 이 봄이 지나더라도  ,indifference
 세상이란 게 제법 춥네요 당신의 안에서 살던 때 보다 모자람 없이 주신 사랑이 과분하다 느낄 때쯤 난 어른이 됐죠 한 송이 꽃을 피우려 작은 두 눈에 얼마나 많은 비가 내렸을까 Oh rewind 돌이킬수록 더 미안 포기 안 하려 포기해버린 젊고 아름다운 당신의 계절 여길 봐 예쁘게 피었으니까 바닥에 떨어지더라도 꽃길만 걷게 해줄게요 문득 쳐다본 그 입가에는 미소가 폈지만 주름이 졌죠 내게 인생을 선물해주고 사랑해란 말이 그리도 고마운가요 한 송이 꽃을 피우려 작은 두 눈에 얼마나 많은 비가 내렸을까 oh rewind 돌이킬수록 더 미안 포기 안 하려 포기해버린 젊고 아름다운 당신의 계절 여길 봐 예쁘게 피었으니까 바닥에 떨어지더라도 꽃길만 걷게 해줄게요 겨울이 와도 마음속에 봄 향기가 가득한 건 한결같이 시들지 않는 사랑 때문이죠 oh rewind 짧은 바람 같던 시간 날 품에 안고 흔들림 없는 화분이 되어준 당신의 세월 여길 봐 행복만 남았으니까 다 내려놓고 이 손잡아요 꽃길만 걷게 해줄게요  ,indifference
 오늘 밤 바라본 저 달이 너무 처량해 너도 나처럼 외로운 텅 빈 가슴 안고 사는구나 텅 빈 방 안에 누워 이 생각 저런 생각에 기나긴 한숨 담배 연기 또 하루가 지나고 하나 되는 게 없고 사랑도 떠나가 버리고 술 잔에 비친 저 하늘의 달과 한 잔 주거니 받거니 이 밤이 가는구나 오늘 밤 바라본 저 달이 너무 처량해 너도 나처럼 외로운 텅 빈 가슴 안고 사는구나 가끔 비가 내리면 구름에 니 모습이 가려 어두운 거리 또 쓸쓸해지네 텅 빈 이 거리 오늘도 혼자서 걸어가네 오늘 밤 바라본 저 달이 너무 처량해 너도 나처럼 외로운 텅 빈 가슴 안고 사는구나 오늘 밤 바라본 저 달이 너무 처량해 너도 나처럼 외로운 텅 빈 가슴 안고 사는구나 슬픈 추억 안고 사는구나 텅 빈 가슴 안고  ,indifference
아무 말 하지 않아도 그대 눈빛을 보면 전해지는 시린 마음 깊게 잠긴 목소리 옅은 그 미소는 긴 하루를 보여주네 지친 모습도 보이고 싶지 않아서 애써 웃는 거 다 알아 난 항상 이 자리예요 어김없이 찾아올 보랏빛 노을처럼 비록 내 품이 좁더라도 안아줄게요 그대 없는 순간마다 느껴지는 빈자리 차오르는 공허함 몰아치는 빗소리 거친 바람에도 넓은 그늘이 되어주네 어떤 아픔도 들키고 싶지 않아서 애써 웃는 거 다 알아 난 항상 이 자리예요 어김없이 찾아올 보랏빛 노을처럼 비록 내 품이 좁더라도 안아줄게요 안녕 내가 안아줄게요 편히 쉬어요 ,indifference
네모난 침대에서 일어나 눈을 떠보면 네모난 창문으로 보이는 똑같은 풍경 네모난 문을 열고 네모난 테이블에 앉아 네모난 조간신문 본뒤 네모난 책가방에 네모난 책들을 넣고 네모난 버스를 타고 네모난 건물지나 네모난 학교에 들어서면 또 네모난 교실 네모난 칠판과 책상들 네모난 오디오 네모난 컴퓨터 TV 네모난 달력에 그려진 똑같은 하루를 의식도 못한채로 그냥 숨만 쉬고 있는걸 주윌 둘러보면 모두 네모난 것들 뿐인데 우린 언제나 듣지 잘난 어른의 멋진 이 말 세상은 둥글게 살아야 해 지구본을 보면 우리 사는 지군 둥근데 부속품들은 왜 다 온통 네모난건지 몰라 어쩌면 그건 네모의 꿈일지 몰라 네모난 아버지의 지갑엔 네모난 지폐 네모난 팜플렛에 그려진 네모난 학원 네모난 마루에 걸려 있는 네모난 액자와 네모난 명함의 이름들 네모난 스피커 위에 놓인 네모난 테잎 네모난 책장에 꽂혀있는 네모난 사전 네모난 서랍속에 쌓여있는 네모난 편지 이젠 네모같은 추억들 네모난 태극기 하늘 높이 펄럭이고 네모난 잡지에 그려진 이달의 운수는 희망없는 나에게 그나마의 기쁨인가봐 주윌 둘러보면 모두 네모난 것들 뿐인데 우린 언제나 듣지 잘난 어른의 멋진 이 말 세상은 둥글게 살아야해 지구본을 보면 우리 사는 지군 둥근데 부속품들은 왜 다 온통 네모난 건지 몰라 어쩌면 그건 네모의 꿈일지 몰라 ,indifference
이슬비가 내리는 오늘은 사랑하는 그대의 생일날 온종일 난 그대를 생각하면서 무엇을 할까 고민했죠 난 가까운 책방에 들러서 예쁜 시집에 내 맘 담았죠 그 다음엔 근처 꽃집으로 가서 빨간 장미 한 송일 샀죠 내려오는 비를 맞으며 그대에게 가는 길 너무 상쾌해 품 속에는 장미 한 송이 책 한 권과 그댈 위한 깊은 내 사랑 아름다운 그대를 만난 건 하느님께 감사드릴 우연 작은 내 맘 알아주는 그대가 있기에 이 세상이 난 행복해 Lalalala lala Durudu dururu dudu 난 가까운 책방에 들러서 예쁜 시집에 내 맘 담았죠 그 다음엔 근처 꽃집으로 가서 빨간 장미 한 송일 샀죠 내려오는 비를 맞으며 그대에게 가는 길 너무 상쾌해 품 속에는 장미 한 송이 책 한 권과 그댈 위한 깊은 내 사랑 아름다운 그대를 만난 건 하느님께 감사드릴 우연 작은 내 맘 알아주는 그대가 있기에 이 세상이 난 행복해 너무너무나 행복해 Happy birthday to you ,indifference
얼마나 기다렸나 너절한 과거와 이별할 그 날을 홀로의 계절을 박차고 나와서 우리로 만날 날을 얼마나 기다렸나 해묵은 기억과 이별할 그 날을 옛날의 그이는 묻어두고 새로이 태어나는 날을 인생을 안다면 신선이라 어찌 사람이겠소 배 위에 이 한 몸 올랐으니 어디라도 가보자 oh 닻을 올려 어기야디여차 나가자 비탄으로 뒤덮인 땅은 뒤로하고 소리 높여 어기야디여차 노래해 찾아가 또 다른 시작을 하게 될 그곳을 품 안에 희망을 안았어도 어찌 안온하겠소 어쨌거나 돛을 펼쳤으니 어디로든 떠나자 oh 닻을 올려 어기야디여차 나가자 불안으로 뒤덮인 땅은 뒤로하고 소리 높여 어기야디여차 노래해 찾아가 또 다른 매일을 살아낼 그곳을 닻을 올려 어기야디여차 나가자 그림자들에게는 안녕을 고하고 소리 높여 어기야디여차 노래해 찾아가 또 다른 우리를 기다릴 그곳에 ,indifference
그대 떠난 여기 노을진 산마루턱엔 아직도 그대 향기가 남아서 이렇게 서있소 나를 두고 가면 얼마나 멀리 가려고 그렇게 가고 싶어서 나를 졸랐나 그대여 나의 어린애 그대는 휘파람 휘이히 불며 떠나가 버렸네 그대여 나의 장미여 사랑하는 그대 내곁을 떠나갈적엔 그래도 섭섭했었나 나를 보며 눈물흘리다 두손잡고 고개 끄덕여 달라 하기에 그렇게 하기 싫어서 나도 울었네 그대여 나의 어린애 그대는 휘파람 휘이히 불며 떠나가 버렸네 그대여 나의 장미여 그대여 나의 어린애 그대는 휘파람 휘이히 불며 떠나가 버렸네 그대여 그대여 그대여 그대여 나의 장미여 ,indifference
유난히 밝은 달 거대한 원형 속에 보이네 너의 미소 샤워하고 걸쳐 두른 샤워가운 베란다로 나와 자막 없이 밤하늘 보고 번역 없는 바람 소릴 듣지 눈물이 고이네 슬퍼서 달이 너무 슬퍼서 비가 오면 좋겠어 오늘 밤엔 유난히 밝은 달 거대한 원형 속에 보이네 너의 미소 나도 살짝 웃어 보이면 저 달에 비칠까 적당히 습한 공기가 너의 손길 같아 심야 깊은 밤의 온기가 너의 말투 같아 귀 기울이면 눈물이 고이네 슬퍼서 달이 너무 슬퍼서 네가 오면 좋겠어 오늘 밤엔 유난히 밝은 달 거대한 원형 속에 보이네 너의 미소 나도 살짝 웃어 보이면 저 달에 비칠까 유난히 밝은 달 우리가 유일하게 공유하는 것 아직도 나도 살짝 웃어 보이면 샤워하고 걸쳐 두른 네 향기 난 오늘도 달에 밤 인사를 건네 음소거로 소리 없이 흐느낀 난 오늘도 달에 밤 인사를 건네 샤워하고 걸쳐 두른 네 향기 난 오늘도 달에 밤 인사를 건네 음소거로 소리 없이 흐느낀 난 오늘도 달에 밤 인사를 건네 ,indifference
붙들 수 없는 꿈의 조각들은 하나 둘 사라져 가고 쳇바퀴 돌 듯 끝이 없는 방황에 오늘도 매달려 가네 거짓인줄 알면서도 겉으론 감추며 한숨 섞인 말 한 마디에 나만의 진실 담겨 있는 듯 이제와 뒤늦게 무엇을 더 보태려 하나 귀 기울여 듣지 않고 달리 보면 그만인 것을 못 그린 내 빈 곳 무엇으로 채워 지려나 차라리 내 마음에 비친 내 모습 그려가리 엇갈림 속의 긴 잠에서 깨면 주위엔 아무도 없고 묻진 않아도 나는 알고 있는 곳 그 곳에 가려고 하네 근심 쌓인 순간들을 힘겹게 보내며 지워버린 그 기억들을 생각해내곤 또 잊어버리고 이제와 뒤늦게 무엇을 더 보태려 하나 귀 기울여 듣지 않고 달리 보면 그만인 것을 못 그린 내 빈 곳 무엇으로 채워지려나 차라리 내 마음에 비친 내 모습 그려가리 이제와 뒤늦게 무엇을 더 보태려 하나 귀 기울여 듣지 않고 달리 보면 그만인 것을 못 그린 내 빈 곳 무엇으로 채워지려나 차라리 내 마음에 비친 내 모습 그려가리 ,indifference
어리다고 안 힘든 줄 아는 어른들 어릴 때가 편하다고 하는 너희들 좋을 때라 좋아야만 하는 건 아니야 아침 7시에 일어나 학교 가고 졸린 눈 비벼가며 도착해도 오늘 하루가 막막해 학교 끝나고 또 학원 마쳐도 잔뜩 쌓여있는 숙제 발자국 소리가 큰 우린 뛰어놀고 싶은걸 뛰어보자 행복은 학교와 학원 사이 놀러 가자 웃음은 친구와 친구 사이에 숨어 있는 걸 우리와 함께 찾을래 행복을 초대형으로 사회 과학 수학 국어 영어 방과 후 음악 미술 체육 도덕까지 전 과목 공부하는 우리는 어른보다 바빠요 시험 기간에는 잘 시간도 모자라 이런 일상도 언제쯤이면 끝날까 오늘 하루도 그렇게 학교 끝나고 또 학원 마쳐도 잔뜩 쌓여있는 숙제 발자국 소리가 큰 우린 뛰어놀고 싶은걸 뛰어보자 행복은 학교와 학원 사이 놀러 가자 웃음은 친구와 친구 사이에 숨어 있는 걸 우리와 함께 찾을래 행복을 초대형으로 발걸음이 무겁지 하고 싶은 건 많은데 두렵기만 해 어깨 좀 펴고 웃어봐 웃다 보면 좋은 날이 올 거야 (슈뻘맨이여 영원하라) 행복하자 웃음은 친구와 친구 사이 웃어볼까 행복은 웃음과 웃음 사이 에서 기다리는 걸 우리와 함께 만들래 행복을 초대형으로 행복하자 웃음은 행복과 행복 사이 웃어볼까 행복은 웃음과 웃음 사이 에서 기다리는 걸 우리와 함께 만들래 행복을 초대형으로 ,indifference
안녕 오래 기다렸니  지루했지 I run and I run and I run and I run  나 지금 기분이 딱 완벽해  나를 시무룩하게 만들 생각은 마 에나멜 플랫 슈즈 위 따다닥 빨간 뾰족구두를 신고 또각 키가 큰 거울 앞에 다가가 한 바퀴 사뿐히 빙그르르 아직 춤춰요 Mr 분홍신 앞코를 부딪혀 like 도로시 발에 꼭 맞는 새 신을 신고 너에게 갈 준비됐어 설레 아이쿠 내 맘속에 작은 소용돌이 살랑 달큰한 바람은 나를 들뜨게 높은 계단 좁은 골목 난 어디든 가 내 마음에 꼭 맞는 새 신발을 신고 오늘 컨디션은 어떠니 하루 종일 나랑 여기 거기 또 저기 갈 준비됐니  단단히 맘먹었지 혹시나 일찍 집에 들어갈 생각은 마 근사한 음악소리 빠라밤 심장은 리듬이 돼요 빠담 우리랑 같이 춤춰요 마담 한 바퀴 사뿐히 빙그르르 들뜬 기분으로 아니마토 여기선 좀 더 빨리 가볼까 알레그로 특별히 신경 써서 아첸토 코러스부터 다시 한 번 설레 아이쿠 내 맘속에 작은 소용돌이 살랑 달큰한 바람은 나를 들뜨게 높은 계단 좁은 골목 난 어디든 가 내 마음에 꼭 맞는 새 신을 신고 얼마나 좋니 파란 하늘 아래서 사랑하기 완벽한 날이지 왼손을 꼭 잡아줘 지금부터는 달릴 거야 설레 아이쿠 내 맘속에 하얀 바람개비 싱그르 웃는 손톱달이 뜰 때까지 높은 계단 좁은 골목 난 어디든 가 한 걸음 또 한 걸음 온 세상을 걷자 설레 아이쿠 내 맘속에 작은 소용돌이 살랑 달큰한 바람은 나를 들뜨게 높은 계단 좁은 골목 난 어디든 가 내 마음에 꼭 맞는 새 신발을 신고 ,indifference
별이 쏟아지는 해변으로 가요 해변으로 가요 젊음이 넘치는 해변으로 가요 해변으로 가요 달콤한 사랑을 속삭여줘요 연인들에 연인들에 해변으로 가요 해변으로 가요 사랑한다는 사랑한다는 말은 안해도 말은 안해도 나는 나는 행복에 묻힐거예요 가겠어 가고야 말겠어 요번에 노란 바다에 바다에 가겠어 왜냐고라고 흥 묻는넌 바보 우리가 왜 가는지 모른다면 너는 바보 별이 쏟아지는 해변으로 가요 해변으로 가요 젊음이 넘치는 해변으로 가요 해변으로 가요 달콤한 사랑을 속삭여줘요 흐 흐 ONE TWO 흐 흐 COME ON YO 흐 흐 ONE TWO 흐 흐 ONE TWO 여름엔 여름엔 해변으로가 우리주위를 둘러봐 갈 때 놀때도 없어 생활이 짜증나지 흥 싫증이나지 여름엔 여름엔 해변으로가 왔어 왔어 왔어 우리가 바다에 왔어 아름다운 그녀들과 난 파도를 탔어 옆 커다란 파도에 우리들은 흠뻑 젖었어 여름엔 해변에서 파도를 타요 사랑을 해요 별이 쏟아지는 해변으로 가요 해변으로 가요 젊음이 넘치는 해변으로 가요 해변으로 가요 달콤한 사랑을 속삭여줘요 달콤한 사랑을 속삭여줘요 ,indifference
이게 뭐야 이 여름에 방안에만 처박혀 있어 안 되겠어 우리 그냥 이쯤에서 내 품에서 흘린 눈물 너만큼 나 힘이 들어 잃어버린 너의 미소 찾을 수 없을까 안녕하고 돌아서는 그건 아니잖아 사랑을 위한 여행을 하자 바닷가로 빨리 떠나자 야 야 야 야 바다로 그동안의 아픔들 그 속에 모두 버리게 이게 아니야 우린 사랑했잖아 이제 다신 눈물 없는 사랑으로 만들어봐 돌아가면 나 역시도 혼자될 거라고 새벽이 오는 바다에 앉아 얘길 했지 해변의 여인 야 야 야 야 그녀와 떠오르는 태양을 우리는 함께 본 거야 기다리지 마 이제서야 만났어 이제 다신 이별 없는 사랑으로 만들 거야 야 야 야 야 바다로 그동안의 아픔들 그 속에 모두 버리게 이게 아니야 우린 사랑했잖아 이제 다신 눈물 없는 사랑으로 만들어봐 ,indifference
